Workbook

Sheet 안내
B2: 시편 말씀 액자 — 구절 입력 양식
B3: 2026년 09월 21일(월) 1일차 시작 · 하루에 한 편씩 180일
B5: 채워 주실 것은 두 칸입니다
B6: 「구절 입력」 시트의 D열 출처 · E열 개역개정 본문 — 이 둘뿐입니다.
B7: 나머지(순번·열리는 날·길이·판정)는 저절로 채워집니다.
B9: 본문을 붙여 넣으면 그 자리에서 길이를 알려 드립니다
B10: G열 판정이 빨간 「너무 김」이면 액자 다섯 줄에 안 들어갑니다. 그 절은 빼시거나 더 짧은 절로 바꿔 주세요.
B11: 노란 「짧음」은 괜찮습니다 — 다만 액자가 좀 허전하니 앞뒤 절을 붙여 한 편으로 묶으셔도 좋습니다.
B13: 왜 이런 잣대인가
B14: 암송 3단계에서는 모든 낱말이 빈칸이 되는데, 빈칸은 글자보다 자리를 더 차지합니다. 그래서 「글자수 + 낱말수」로 재고 76을 넘지 않게 합니다.
B16: 구절 | C16: 공백 포함 | D16: 글자+낱말 | E16: 판정 | F16: 액자에서
B17: 시편 23편 1절 | C17: 26자 | D17: 27 | E17: 짧음 | F17: 액자가 허전하다
B18: 시편 119편 105절 | C18: 26자 | D18: 27 | E18: 짧음 | F18: 액자가 허전하다
B19: 시편 1편 1절 | C19: 61자 | D19: 62 | E19: 좋음 | F19: 가장 알맞다
B20: 시편 1편 3절 | C20: 68자 | D20: 69 | E20: 좋음 | F20: 아슬하지만 들어간다
B21: (90자짜리 절) | C21: 90자 | D21: 91 | E21: 너무 김 | F21: 다섯 줄을 넘는다
B24: 출처는 이렇게 적어 주세요
B25: 시편 1편 1절 · 시편 119편 105절 — 「편」과 「절」을 붙여 주시면 됩니다.
B26: 한 편에 두 절을 묶으실 때는: 시편 1편 1-2절
B28: 액자 그림(H열)은 비워 두셔도 됩니다
B29: 비워 두시면 1~12번 그림이 고르게 배정됩니다. 「이 말씀엔 포도가 어울린다」 싶은 곳만 번호를 적어 주세요.
B31: 마감
B32: 9월 17일(목)까지 주시면 9월 21일(월) 시작에 맞출 수 있습니다. 다 못 채우셔도 괜찮습니다 — 앞에서부터 30편만 있어도 한 달을 갑니다.
B34: ※ 본문은 성경 프로그램이나 사이트에서 복사해 붙여 넣어 주세요. 한 글자도 틀리면 안 되는 자리라 사람 손으로 받습니다.

Sheet 구절 입력
A1: 시편 말씀 액자 · 구절 입력 │ 채우실 곳은 D열(출처)과 E열(본문) 두 칸입니다 │ G열이 빨간 「너무 김」이면 다른 절로 바꿔 주세요
A3: 순번 | B3: 열리는 날 | C3: 요일 | D3: 출처 | E3: 개역개정 본문 | F3: 길이 | G3: 판정 | H3: 액자 | I3: 비고
A4: 1 | B4: 2026-09-21 | C4: 월 | D4: 시편 1편 1절 | E4: 복 있는 사람은 악인들의 꾀를 따르지 아니하며 죄인들의 길에 서지 아니하며 오만한 자들의 자리에 앉지 아니하고 | F4: =IF($E4="","",LEN(SUBSTITUTE($E4," ",""))+LEN(TRIM($E4))-LEN(SUBSTITUTE(TRIM($E4)," ",""))+1) | G4: =IF($F4="","",IF($F4>76,"너무 김",IF($F4<30,"짧음","좋음")))
A5: 2 | B5: 2026-09-22 | C5: 화 | D5: 시편 1편 2절 | E5: 오직 여호와의 율법을 즐거워하여 그의 율법을 주야로 묵상하는도다 | F5: =IF($E5="","",LEN(SUBSTITUTE($E5," ",""))+LEN(TRIM($E5))-LEN(SUBSTITUTE(TRIM($E5)," ",""))+1) | G5: =IF($F5="","",IF($F5>76,"너무 김",IF($F5<30,"짧음","좋음")))
A6: 3 | B6: 2026-09-23 | C6: 수 | D6: 시편 1편 3절 | E6: 그는 시냇가에 심은 나무가 철을 따라 열매를 맺으며 그 잎사귀가 마르지 아니함 같으니 그가 하는 모든 일이 다 형통하리로다 | F6: =IF($E6="","",LEN(SUBSTITUTE($E6," ",""))+LEN(TRIM($E6))-LEN(SUBSTITUTE(TRIM($E6)," ",""))+1) | G6: =IF($F6="","",IF($F6>76,"너무 김",IF($F6<30,"짧음","좋음")))
A7: 4 | B7: 2026-09-24 | C7: 목 | D7: 시편 3편 3절 | E7: 여호와여 주는 나의 방패시요 나의 영광이시요 나의 머리를 드시는 자이시니이다 | F7: =IF($E7="","",LEN(SUBSTITUTE($E7," ",""))+LEN(TRIM($E7))-LEN(SUBSTITUTE(TRIM($E7)," ",""))+1) | G7: =IF($F7="","",IF($F7>76,"너무 김",IF($F7<30,"짧음","좋음")))
A8: 5 | B8: 2026-09-25 | C8: 금 | D8: 시편 3편 6절 | E8: 천만인이 나를 에워싸 진 친다 하여도 나는 두려워하지 아니하리이다 | F8: =IF($E8="","",LEN(SUBSTITUTE($E8," ",""))+LEN(TRIM($E8))-LEN(SUBSTITUTE(TRIM($E8)," ",""))+1) | G8: =IF($F8="","",IF($F8>76,"너무 김",IF($F8<30,"짧음","좋음")))
A9: 6 | B9: 2026-09-26 | C9: 토 | D9: 시편 4편 7절 | E9: 주께서 내 마음에 두신 기쁨은 그들의 곡식과 새 포도주가 풍성할 때보다 더하니이다 | F9: =IF($E9="","",LEN(SUBSTITUTE($E9," ",""))+LEN(TRIM($E9))-LEN(SUBSTITUTE(TRIM($E9)," ",""))+1) | G9: =IF($F9="","",IF($F9>76,"너무 김",IF($F9<30,"짧음","좋음"))) | I9: 출처 정정 2026-09-10: 「시편 3편 7절」→「시편 4편 7절」. 본문은 그대로(대한성서공회 개역개정 대조)
A10: 7 | B10: 2026-09-27 | C10: 일 | D10: 시편 5편 12절 | E10: 여호와여 주는 의인에게 복을 주시고 방패로 함 같이 은혜로 그를 호위하시리이다 | F10: =IF($E10="","",LEN(SUBSTITUTE($E10," ",""))+LEN(TRIM($E10))-LEN(SUBSTITUTE(TRIM($E10)," ",""))+1) | G10: =IF($F10="","",IF($F10>76,"너무 김",IF($F10<30,"짧음","좋음")))
A11: 8 | B11: 2026-09-28 | C11: 월 | D11: 시편 7편 17절 | E11: 내가 여호와께 그의 의를 따라 감사함이여 지존하신 여호와의 이름을 찬양하리로다 | F11: =IF($E11="","",LEN(SUBSTITUTE($E11," ",""))+LEN(TRIM($E11))-LEN(SUBSTITUTE(TRIM($E11)," ",""))+1) | G11: =IF($F11="","",IF($F11>76,"너무 김",IF($F11<30,"짧음","좋음")))
A12: 9 | B12: 2026-09-29 | C12: 화 | D12: 시편 8편 1절 | E12: 여호와 우리 주여 주의 이름이 온 땅에 어찌 그리 아름다운지요 | F12: =IF($E12="","",LEN(SUBSTITUTE($E12," ",""))+LEN(TRIM($E12))-LEN(SUBSTITUTE(TRIM($E12)," ",""))+1) | G12: =IF($F12="","",IF($F12>76,"너무 김",IF($F12<30,"짧음","좋음")))
A13: 10 | B13: 2026-09-30 | C13: 수 | D13: 시편 11편 7절 | E13: 여호와는 의로우사 의로운 일을 좋아하시나니 정직한 자는 그의 얼굴을 뵈오리로다 | F13: =IF($E13="","",LEN(SUBSTITUTE($E13," ",""))+LEN(TRIM($E13))-LEN(SUBSTITUTE(TRIM($E13)," ",""))+1) | G13: =IF($F13="","",IF($F13>76,"너무 김",IF($F13<30,"짧음","좋음")))
A14: 11 | B14: 2026-10-01 | C14: 목 | F14: =IF($E14="","",LEN(SUBSTITUTE($E14," ",""))+LEN(TRIM($E14))-LEN(SUBSTITUTE(TRIM($E14)," ",""))+1) | G14: =IF($F14="","",IF($F14>76,"너무 김",IF($F14<30,"짧음","좋음")))
A15: 12 | B15: 2026-10-02 | C15: 금 | F15: =IF($E15="","",LEN(SUBSTITUTE($E15," ",""))+LEN(TRIM($E15))-LEN(SUBSTITUTE(TRIM($E15)," ",""))+1) | G15: =IF($F15="","",IF($F15>76,"너무 김",IF($F15<30,"짧음","좋음")))
A16: 13 | B16: 2026-10-03 | C16: 토 | F16: =IF($E16="","",LEN(SUBSTITUTE($E16," ",""))+LEN(TRIM($E16))-LEN(SUBSTITUTE(TRIM($E16)," ",""))+1) | G16: =IF($F16="","",IF($F16>76,"너무 김",IF($F16<30,"짧음","좋음")))
A17: 14 | B17: 2026-10-04 | C17: 일 | F17: =IF($E17="","",LEN(SUBSTITUTE($E17," ",""))+LEN(TRIM($E17))-LEN(SUBSTITUTE(TRIM($E17)," ",""))+1) | G17: =IF($F17="","",IF($F17>76,"너무 김",IF($F17<30,"짧음","좋음")))
A18: 15 | B18: 2026-10-05 | C18: 월 | F18: =IF($E18="","",LEN(SUBSTITUTE($E18," ",""))+LEN(TRIM($E18))-LEN(SUBSTITUTE(TRIM($E18)," ",""))+1) | G18: =IF($F18="","",IF($F18>76,"너무 김",IF($F18<30,"짧음","좋음")))
A19: 16 | B19: 2026-10-06 | C19: 화 | F19: =IF($E19="","",LEN(SUBSTITUTE($E19," ",""))+LEN(TRIM($E19))-LEN(SUBSTITUTE(TRIM($E19)," ",""))+1) | G19: =IF($F19="","",IF($F19>76,"너무 김",IF($F19<30,"짧음","좋음")))
A20: 17 | B20: 2026-10-07 | C20: 수 | F20: =IF($E20="","",LEN(SUBSTITUTE($E20," ",""))+LEN(TRIM($E20))-LEN(SUBSTITUTE(TRIM($E20)," ",""))+1) | G20: =IF($F20="","",IF($F20>76,"너무 김",IF($F20<30,"짧음","좋음")))
A21: 18 | B21: 2026-10-08 | C21: 목 | F21: =IF($E21="","",LEN(SUBSTITUTE($E21," ",""))+LEN(TRIM($E21))-LEN(SUBSTITUTE(TRIM($E21)," ",""))+1) | G21: =IF($F21="","",IF($F21>76,"너무 김",IF($F21<30,"짧음","좋음")))
A22: 19 | B22: 2026-10-09 | C22: 금 | F22: =IF($E22="","",LEN(SUBSTITUTE($E22," ",""))+LEN(TRIM($E22))-LEN(SUBSTITUTE(TRIM($E22)," ",""))+1) | G22: =IF($F22="","",IF($F22>76,"너무 김",IF($F22<30,"짧음","좋음")))
A23: 20 | B23: 2026-10-10 | C23: 토 | F23: =IF($E23="","",LEN(SUBSTITUTE($E23," ",""))+LEN(TRIM($E23))-LEN(SUBSTITUTE(TRIM($E23)," ",""))+1) | G23: =IF($F23="","",IF($F23>76,"너무 김",IF($F23<30,"짧음","좋음")))
A24: 21 | B24: 2026-10-11 | C24: 일 | F24: =IF($E24="","",LEN(SUBSTITUTE($E24," ",""))+LEN(TRIM($E24))-LEN(SUBSTITUTE(TRIM($E24)," ",""))+1) | G24: =IF($F24="","",IF($F24>76,"너무 김",IF($F24<30,"짧음","좋음")))
A25: 22 | B25: 2026-10-12 | C25: 월 | F25: =IF($E25="","",LEN(SUBSTITUTE($E25," ",""))+LEN(TRIM($E25))-LEN(SUBSTITUTE(TRIM($E25)," ",""))+1) | G25: =IF($F25="","",IF($F25>76,"너무 김",IF($F25<30,"짧음","좋음")))
... A183: 180 | B183: 2027-03-19 | C183: 금 | F183: =IF($E183="","",LEN(SUBSTITUTE($E183," ",""))+LEN(TRIM($E183))-LEN(SUBSTITUTE(TRIM($E183)," ",""))+1) | G183: =IF($F183="","",IF($F183>76,"너무 김",IF($F183<30,"짧음","좋음")))

Sheet 진행 상황
B2: 진행 상황 (저절로 계산됩니다)
B4: 채운 구절 | C4: =COUNTA('구절 입력'!$E$4:$E$183) | D4: 180편 중 몇 편을 채우셨는지
B5: ✅ 좋음 | C5: =COUNTIF('구절 입력'!$G$4:$G$183,"좋음") | D5: 그대로 쓰시면 됩니다
B6: ⚠️ 짧음 | C6: =COUNTIF('구절 입력'!$G$4:$G$183,"짧음") | D6: 써도 되지만 액자가 조금 허전합니다
B7: ❌ 너무 김 | C7: =COUNTIF('구절 입력'!$G$4:$G$183,"너무 김") | D7: 다섯 줄을 넘습니다 — 바꾸거나 빼 주세요
B8: 가장 긴 구절 | C8: =IF(COUNT('구절 입력'!$F$4:$F$183)=0,"",MAX('구절 입력'!$F$4:$F$183)) | D8: 76 이하여야 합니다
B9: 남은 편 | C9: =180-COUNTA('구절 입력'!$E$4:$E$183) | D9: 다 못 채우셔도 됩니다 — 앞에서부터 30편이면 한 달을 갑니다
B11: ※ 「너무 김」이 하나도 없고 채운 편이 30편을 넘으면 보내 주셔도 됩니다. 나머지는 뒤이어 채워도 앱이 안 깨집니다.
